10	  -输入搜索内容
14	  -放入DNA样本
15	  -输入登录账号
24	 所有人DNA的[   数据库！！！
25	 嗯，大多数电话都会留下拨出和接听记录。咱们也许该查查。
26	 政府的秘密项目？[
34	“只要结局好，一切都好。”
37	“西兰花竟与癌症有关！减肥人士有福了！”
40	“你最爱的明星竟是新纳粹？揭秘极权主义如何成为时尚。”
46	“险象环生”？你他妈就不能好好说话？
48	“大概。”行啊。你能透过金属看见里面？反正我不能。
50	“快！跑去找你的股票经纪人，告诉他买入——”
59	“数学杀手。”这名号怎么样？
66	“向左转动开启”
68	“中东开战！谁占上风？战况如何？一看便知！”
71	“你家哪件日用品，可能正在危及你和家人的安全？”
81	怕归怕，你可没被吓住。你会是个好警察。
82	当然，我也没碰见过几个真合我心意的。人生嘛，就是这样。
83	当然，后来我妈要做手术，我就只能待在家里照料家务了……
87	“《超级保险柜》杂志评选的年度超级制柜大师。”
92	*找到了！三次测试，三次都捕获了新粒子的踪迹。它们竟是电子内部的组成结构！一对连体双生粒子，占据着同一空间！这怎么可能？我还没弄明白。但可以确定，一旦将它们分开，不到一微秒，它们就会猛地撞回一起，双双粉碎。
93	*整整两周，每晚都来。一辆没有任何标识的蓝色面包车。现在在家工作，我都把窗帘拉得严严实实。他们为什么来这里？
94	*实验室、做实验用的模拟器，还有去保险库的一路，我都找过了。一无所获。难道我只收集了19组？
95	*两天后就能再次使用对撞机了。装置也快准备好了。我还没告诉埃德这次打算做什么。保险库一周前就装好了，一切应该都已就绪。
98	*我以为有人在翻我的实验室，结果只是清洁工老索尔。我不该冲他吼，可他也不该进来。我得睡一觉，却又不能离开实验室。好在模拟器里有个位置，躺着还算舒服。
99	*半夜沿着实验室走廊去洗手间，听见身后有脚步声。我拔腿就跑，对方也追了上来。我把自己锁进洗手间，直到外面再没了动静。
101	*我会联系你，说明下一步。
104	*我让埃德专心构思共振技术的应用。他脑子很灵，想出了不少好点子。
105	*这本日记寄给你，一是请你妥善保管，二是希望它能帮你做出抉择。将来，我或许得请你替我做这个决定——一个连我自己都没能做出的决定。你必须弄清共振是什么，更要明白它可能带来什么。
107	*还得再等一个月才能使用对撞机，不过这期间有的是模拟实验要做。我目前的假设是：亚电子连体双生粒子占据同一空间，却不处于同一时刻。它们在时空中的振动方式完全相反，却又恰好互补。两个粒子彼此吸引，无法分离，却永远不会相遇。
109	*十九个？刚查过笔记，我记得做了二十个装置，可现在只有十九个。我当时累成那样了吗？还是数错了？
113	*共振！我给粒子的这种特殊振动取了这个名字。同一组粒子的振动频率完全一致，因此彼此相连。可为什么它们只与自己的孪生粒子结合，不与其他粒子结合？我的推测是：整个宇宙中，没有两组粒子的共振频率相同。每一组都独一无二！
115	*成功了！用这些装置，我捕获了二十对SECT粒子。装置能阻断它们特有的振动，让它们在碰撞后保持分离，再分别吸住分开的两个孪生粒子。现在有二十组可供实验了！
116	*今天上午第三次被电话打断了。对面没人说话，只有咔嗒咔嗒的声音。
120	*趁埃德忙着，我偷偷去了保险库。绝不能让任何人知道。
121	*谁会拿走一组？根本没人知道我手里有这些东西。连埃德都不知道。
124	，（说真的，你们学校的博士学位是清仓甩卖的吗？）[[先说好，我不叫“喂”，我叫艾玛。还有，把大写锁定关了。满屏大写不会显得你多有分量，只会让你像个白痴。[[又忘了 Antevorta 的登录名？又忘了！？我都记不清跟你解释过多少遍了……[[
125	，我是技术支持部的米奇。你太太帕梅拉最近好吗？[[是这样，你的Antevorta账号出了点问题。[[麻烦尽快把登录名和密码发给我们，好吗？[[谢谢，米奇
127	——能控制。在他们手里。
139	——在我叔叔的实验室里摆弄什么东西？没有。
147	……你也看到了，我这身手可比不上年轻那会儿，不过还过得去……
157	……先是个小婴儿，后来上学，再后来唱歌跳舞，满世界跑，还认识了芭芭拉……
160	……可你们这些搞“科学”的，整天就埋头算那些数啊什么的……
162	……倒不像地震，更像那帮小混混，凌晨三点开车从我家门口过，嘻哈音乐放得震天响……
163	……倒不像地震，更像那帮小混混——
164	……本来至少该是这样。可后来妈妈病得那么重，事情就……
167	……芭芭拉啊，她可知道怎么哄老头子开心……
172	……我敢打赌，就算狂欢节的游行队抬着张巨大的道具支票从走廊经过，你们都不带抬头的！
557	<2<r 抱歉，可我实在急着要那份结果。
564	<2<r<i 那份结果带来了吗？
566	<2<r<i 先帮我确认一件事。
570	<2<r<i 我一工作起来，好像就什么都顾不上了。
577	<2<r<i相信我，我宁愿面对能提出假设、做实验验证、用数字衡量的问题。
579	<2<r<i我们的估算差了多少？
583	<2<r<i我整个周末都待在这儿，想的就是这件事。
584	<2<r<i这是个伦理问题。
586	<2<r<i有人在跟踪我，埃丁斯。我很确定。
587	<2<r<i这道难题，既不关乎科学，也不关乎数学。
595	<2该死，我没空挨个回答你的问题！
602	<2换作以前，我也许会同意。可现在？
603	<2我说了，别再提了！
609	<2我再也不替任何人卖命了。
612	<2我……你这么想，我也很遗憾。
614	<2五年……十年后，等我们迎来和平繁荣的新时代……
625	<2没人能懂。你不懂，莫拉莱斯博士不懂，阿穆尔和雷诺就更不懂。
626	<2再也没人能对我指手画脚，告诉我该怎么处置共振。
628	<2我他妈干吗还在跟你废话！再见！
631	<2雷，你又不傻。事到如今，该想明白了吧。
638	<2他们知道我能阻止他们，就哄你来挡我的路。
639	<2他们让你以为大家目标一致，再把你往他们要的方向“推”！
640	<2他们想拿它当工具……满足自己私欲的工具！
643	<2这事比我重要，比安娜、莫拉莱斯，比我们所有人都重要。
648	<2对。这一切都值得。
665	<b<i你竟能提出这种事，简直让我又惊又气！
666	<b<i女士，就此告辞！
667	<b<i先生，就此告辞！
675	<b<i那完全是违法的！我绝不会如此无视规章制度。
691	<b你还好意思说对不起！？
720	<l<2<i我们还接到报告，朱诺那边起火了。
724	<l<2<i你们一个去朱诺查看，另一个去汉弗莱街支援，行吗？
726	<l<2<i需要增派应急人员的话，随时用无线电报告。
729	<l<2<i汉弗莱街站附近有节地铁车厢困住了。
730	<l<2<i他们都已经派出去了，全城都有。
732	<l<2<i我们正在把人手调往最急需支援的地方。
733	<l<2<i阿文廷各处都出了些小状况。
740	<l<2简报会上，提到你和贝内特被列为嫌疑人的时候，我说起过他——
741	<l<2我能让前台暂时没人。
742	<l<2抽不开身，局长给我安排了活。
743	<l<2我去把奥因克那件心爱的玩具断了电。
744	<l<2再过几小时，电视和网上就全是你们的照片了。
750	<l<2别往人多的地方去，也别去实验室或回家。
761	<l<i你知道我得干些什么，才能让咱们吃上饭吗！？
764	<l除了哈维，我只有一位叔叔。
770	<l首先得拿到他的FTTN。
774	<l这大概算是我的护身符吧。
776	<l查谁的记录都一样，得有两样东西。
777	<l灯先灭了，接着热起来，还有一阵震动……
780	<l快二十年了，它都没让我出过事，也算挺灵的吧。
783	<l埃丁斯先生，方便的话，请跟我回警局，我还想问几个问题。
784	<l就是苦了我这脚踝。
785	<l我猜就在那些地下隧道里的某一条。
789	<l哦，对。我照常来上班。
791	<l就是这一跳摔得够呛，现在脚踝都伤了。
797	<l于是我掏出那把趁手的扳手，砸开它，直接爬了出去。
803	<l就在那时候，我脑袋开始有点发麻。
804	<l它能造的福，远远大于被滥用的风险！
806	<l然后灯全灭了，热得刺人，还有一阵震动……
809	<l第二：光有蓝图还不够。还得查些保险库的资料，才能确定它到底藏在实验室的什么位置。
810	<l呃，后来灯又亮了，电缆脱落，到处起火。我就拿那把趁手的扳手砸开窗户，跳了出去。
814	<l哇！这么多，都快像一百万美元了！
816	<l你不能让全世界失去这么——
819	<r<2<i哦对，有人问起的话，就说咱们整晚都在纵火案现场附近巡逻。
826	<r因为要是亲妈妈，就绝不会想把他们丢在树林里。
827	<r主要建筑的蓝图都存在市政档案馆，就在警察行政大楼里。
830	<r不过你这不是还活着嘛。到底怎么出来的？
836	<r停止无线电联络。
838	<r我可没工夫等一整天。
839	<r疑问一大堆，可直觉清清楚楚地告诉我两件事。
840	<r我在国家信用服务局有个熟人，谁的金融交易记录他都能弄到。
841	<r不在家的日子，我每天都往罐子里放一枚。
842	<r我想起件事。
844	<r我得找个能看得更清楚的位置。
845	<r找到卖给莫拉莱斯保险库的人，也许就能请对方帮忙找出它在哪儿。
847	<r就是说，她不是他们的亲妈妈。
848	<r钱不多，可慢慢存着，哪天急用时也许就能帮上忙。
852	<r不，爸爸！你没有——
853	<r换作平时，这种线索还不值得我通宵蹲守。
854	<r还差得远呢！而且这不是美元，是比索。
860	<r一个小飞贼闯进上城区的电脑芯片厂，被抓了。他供认，跟买家约在这家邮局接头。
861	<r这保险库总得有人造，而且肯定不便宜。
865	<r那家伙从巷子里出来，咱们看不到那边。
868	<r看到这一幕，我才意识到自己已经在外头守了多久。
869	<r阳光滑过楼宇之间，像男人有力的手指，穿过女人的秀发。
871	<r他们边走边往身后的林间小路上撒面包屑。
888	一台自动报刊售卖机。
889	一只铃，按一下就能叫来店主。
891	一台又大又亮的自动发药机，崭新的。
893	一块公告板，贴满了办公室里那些琐事。
899	实验室入口只剩下几个烧焦的柜子。
908	一个构造复杂的机关盒。
909	一套复杂的刑侦电脑系统。
914	存着全美国每个人DNA的数据库，男女老少，一个不落。
916	一个满脑子妄想、活在自己世界里的瘾君子。
930	一把脏兮兮的拖把，配着个水桶。
934	一个存放重症监护病人病历的文件夹。
935	足足一英尺厚，实心钢造的，连个门把手都没有。
936	又臭又憋屈的小破房间，待着简直要命。
939	游戏制作
942	一个头发灰白的老警察。
946	一只手画着另一只手？谁想出来的点子？
948	莫拉莱斯博士的实验室里，天花板掉下来一大块沉重的残片。
952	一扇厚重的钢门。叔叔可真是把秘密守得滴水不漏。
954	那么大的洞，破坏范围竟是个完美的球体？
960	键盘。真有年代感。
965	给托托伊斯安保付了一大笔钱。到底买了什么？
971	搭把手，事就好办多了。
972	一家空店铺，大门锁着。
980	一个成天跟医疗表格打交道的文员。
981	一幅心灵中的都市图景，借歌声诉说都市人的疏离。
988	一块公告板，贴着便利贴，还有办公室合买彩票的名单。
989	一本横线便笺本。
995	切口干净利落，像做过外科手术一样。
1005	一扇普通的灰色门，标着“维修”。
1006	一扇传送门，通往名叫“维修”的神秘国度。
1007	一个自命不凡的蹩脚写手，不懂分寸，品德跟阴沟里的老鼠没两样。
1010	一个记者跟了他好一阵，借口说要写什么狗屁“警察的一天”。
1012	一个共振装置。这个似乎已经启动了。
1015	一卷管道胶带，关键时候比谁都靠得住。
1020	一把螺丝刀，能派上不少用场。
1025	一个鬼鬼祟祟的怪人，真该找块肥皂好好洗洗。
1035	一只小铜铃，一摇就能把托托伊斯先生从店后叫出来。
1041	一台超声波仪。能看清人体内部的结构，用来检查损伤和异物。
1044	一叠表格和文件，似乎跟这事无关。
1048	结实的金属棒，修修补补时很有用。
1051	小得不能再小的微波炉。
1056	一扇厚重的钢门，标着“维修”。
1062	一张经年风吹雨打的旧长椅。
1064	一道铁丝网，把通往另一条小巷的出路堵死了。
1069	在那样的世界里，仇恨生命与自由的人，就能在全球发动大规模恐怖袭击。
1085	结——果……她识破了我的虚张声势。
1095	你丢在棒球场的那张纸条——
1103	卡车发动机和攀爬架搞出的事故。说来话长。
1109	其实，档案馆那套系统到底怎么运作，我也不太懂。
1112	不过我总觉得，她恐怕得耽搁一阵。
1113	其实，这一带看着就乱七八糟的。
1123	费了好大劲，我总算能走到实验室正门了。
1126	费了这么多力气，伤心过，愤怒过……
1129	已经三次逾期还款了，这东西可得省着点用。
1131	您先请，警探。年长的先来，好看的靠后。
1140	这样吧，小家伙：钥匙给你，你自己去把那破柜子打开，怎么样？
1142	啊，你看，它的形状跟锁一样。
1148	我只想找个人听我说说话。
1151	这年头，什么信息都有地方存，遗嘱也一样。
1155	多少伟大的构想和发明，都诞生在这里。
1156	墨迹全化开了。
1157	每页都是空白。
1158	我们得抢在杀害叔叔的人之前找到保险库，不然说再多也没用。
1162	只要结局好，就一切都好？
1167	世界各地已签署和平条约，联手应对这一新威胁。
1173	行。不过一发现有危险，你就马上回来。
1178	行，挑重点说。
1188	好吧，没空多想了，就凭直觉吧。
1192	给够时间，破解也不难。不过我还是更放心把东西锁好。
1249	能不惹他开口就别惹，省得又唠叨个没完。
1250	还听说过阵子，我们可能会试用一个新的DNA检索数据库。
1255	我还想问问，你给他造的保险库。
1260	你是说，跳出去之前，你还有工夫把扳手放回维修间？
1295	现在又闹成这样？拿共振大搞破坏……
1297	现在的实验室，简直像让哥斯拉踩了一脚。
1331	还有个实用工具，能告诉你申请调阅文档时，需要提交哪些材料。
1345	直到最近，埃德一直都是颗听话、可靠的齿轮。
1361	你要我相信，十一基金会正牵头把奥威尔笔下的噩梦变成现实？
1415	安娜，你叔叔希望用这些共振粒子，开创一个人类和平繁荣的新时代！
1421	安娜？等忙完这件事，能不能给我讲点你叔叔的独家消息？
1432	Antevorta就算被共振炸得连地球都穿个洞，也不关我的事。
1472	倒也贴切。某种意义上，我造的锁就是我的孩子。
1502	莫拉莱斯可能藏着个“保险库”，你真的一点都不知道？
1519	她是他唯一在世的亲人，一定有办法……接触到他的秘密。
1529	这镜子除了照照我的俊脸，也派不上别的用场了。
1616	想追踪谁的电话就追踪谁的，这也太侵犯隐私了吧。
1696	哥们！站在这儿想东想西，可抓不到他。
1733	可那些旧隧道该怎么走，我一点头绪都没有。得拿到蓝图才行。
1752	可我连从哪儿下手都不知道，入侵电脑实在不是我的强项。
1763	可莫拉莱斯博士保险库的资料，我全弄丢了。
1768	可要是让Antevorta继续存在，共振能造的福再多，也抵不过它的危害。
1770	不过在博主里，他倒算不错的。至少还知道洗澡。
1773	好了，不说我在《星报》的老板了——介绍一下，这是我的好朋友奥兹。
1778	不过他确实为我们冒了大险。我想，暂时可以信他。
1781	不过想想，还付得起账单，我就该知足了，对吧？
1788	不过一发现有危险，你就马上出来，好吗？
1802	可从数学上来说，这个结果的概率跟其他结果一样。
1814	但现在可能有人有危险，看来我们只好合作了。
1847	但他们确实想阻止埃德，而我今天最要紧的也是这件事。
1863	不过配上674数据管道，这项新技术在打击犯罪上可就大有用处了。
1878	对了，抱歉这么久才接，我刚才找不到电话了。
2041	里面有个发棕的苹果核，还有一本去年的《Cosmopolitan》。
2057	哈维叔叔会连第三根保险丝都忘了吗？
2140	亲爱的艾米，[[哇，你是侦探？真的？想想咱们搭档的样子！[[我开车带你满城追坏人，你查线索，带我们奔赴下一场追逐战。咱们简直就是超级英雄！[[先做做美梦也好嘛……[[你是侦探这件事，让我更心动了。没想到婚介服务这么靠谱，幸好我试了试！[[等不及再收到你的消息了！[[
2146	最亲爱的艾米，[[昨晚跟你聊得太开心了。聊了一整夜，键盘敲得我手指都快抽筋了。今早比赛差点握不住方向盘！（不过我还是赢了！）[[这几天，我觉得咱们越来越亲近。那种感觉，说不清楚。[[咱们就是这么合拍。已经好久没人能让我聊得这么畅快了。[[
2213	你们所谓的利益，也包括冷血杀害无辜的女人？
2236	每次要切换走道，都得爬上二层？总该有个省事点的办法吧。
2374	莫拉莱斯博士很少让我参与他的研究，只有需要我计算数据时，才会告诉我在做什么。
2381	莫拉莱斯博士的日记封面上，压印着一个包着尿布的小天使。
2382	莫拉莱斯博士的模拟器有个键盘，得用它才能控制进出。
2427	埃德说愿意陪我去，我该跟他说一声。
2434	埃德是那位遇害科学家的助手，看来这事让他很难受。
2546	外国人只要入境，或在美国做生意，也会有这个号码。
2556	就算已经断了电，我还是不想随便碰这些东西。
2888	有一天他辞了职，就不见人影了。听说去了北边。
2890	他说，在普通登录界面输入用户名，再把它插进电脑就行。
2892	跟办案比起来，他似乎更喜欢摆弄心爱的高科技玩意儿。
2917	他当时研究的东西，威力惊人，真能改变世界。
2925	他得有个信号增强器，可那东西的覆盖范围有限。嗯……
2937	他手里有我们要的情报……就是有点药瘾。
3064	一砖头砸下去，这才是我擅长的解决办法。
3070	嗯，蓝图是拿到了，可不知道该往哪儿走，也还是白搭。
3251	在下不过是个手艺人，专做精巧的安防器具。
3262	我想，莫拉莱斯博士让我们找保险库，是因为里面的研究资料足够用来制造并启用更多共振装置。
3325	怎么会这样。那位警探明明那么……热心。
3408	我自己没什么发言权，不过有个护士特别喜欢你那篇讲麻醉剂和精神控制的文章。
3445	真想要的话，去物资部门领个一样的就是了。
3454	能用它看清物体内部——可该看什么呢？
3529	这文件写的什么，我不清楚，不过肯定不是我要找的。
3545	按钮比我遥控器还多的东西，我可不爱摆弄。
3641	不想办法把它挪开，我就进不去。
3645	这站怕是有好多年没停过公交了。
3758	我也不知道该怎么看，可眼下多一点胜算都好。
3769	这东西旁边就该蹲几只猴子，刚学会用工具的那种。
3810	待不下去的话，就拿现有材料先发篇报道吧。
3819	看来他们信不过科学家，怕我们乱动电力系统。
3825	看来得去警察总部，调出朱诺实验室的蓝图。
3831	跟你聊天我也很开心！你太逗了！[[真不敢相信我会这么说，可我觉得自己真的喜欢上你了，史蒂夫。咱们见个面吧。[[如果你愿意，时间地点就由你定。[[真没想到，这个婚介服务居然可能让两个这么合拍的人相遇……
3836	我只好离开……躲起来。警方怀疑我跟他的死有关，而我，我没胆子面对。
3866	我拿到了朱诺实验室的蓝图。能告诉我保险库建在哪儿吗？
3881	除了昨晚为了借点光把它撑开，我就没用过这东西。
3904	你的病人肯定在想你。你不在，他们不要紧吧？
3933	我一听就觉得你不对劲，所以查了查你的底，阿穆尔。
3951	我喜欢行动，喜欢找乐子，最讨厌穿着西装坐办公室。[[我的生活就像赛车冲上最后的直道，飞驰到底，正合我意。[[想找个人一起看电影，再到城里吃顿好饭。[[
3969	你那篇讲外来地松鼠如何影响本地啮齿动物种群的文章，我很喜欢。
4006	我得有实打实的证据，能证明他跟犯罪有关。
4035	我得弄清保险库在哪儿。这里有什么线索吗？
4036	今天有没有什么可疑的人，到这里看过主机？
4055	告诉我，怎么才能调阅超出我权限的文件。
4069	除非有*特别*值得挖的报道，我才会溜进病房。
4090	光我自己的文书就够忙的了，可不想再管其他医生的。
4205	还是留着吧，能省下不少手续。
4211	我还是待在这边，等那片带电的积水清掉再说吧。谢谢了。
4245	两个开关都能切换这些移动走道，应该不用非待在二层。
4270	我说过，不能随便告诉你。这些资料是保密的。
4292	我坐地铁，多半就是死死抓着这种扶手，勉强站稳。
4302	当时正给一只新保险箱做最后的修整，是个细致活儿。
4304	真是走运，刚好需要房子，就碰上这么便宜的公寓。
4331	我也想知道。可我当时不在场，实在说不准。
4332	我也想给你答案。不过有一点可以确定：我们每个人都有人陪伴。
4333	我也想给你答案，也想弄明白，做出这种事的人心里到底在想什么。
4344	要是传出去，说有人闯进来偷走了你的文件，你这生意的招牌会怎么样？
4364	先给我死亡证明和经过公证的遗嘱副本，我才能把手里的记录交出去。
4392	得再仔细看看，弄清楚它们到底该放在哪儿。
4393	得搜搜他身上，确认没藏着第二把枪。
4419	我还想从档案室弄点资料……你知道，做研究嘛。
4602	我又不怕丢人。不是修车、修水龙头的事，我就得找别人帮忙。
4621	光靠一个自命不凡的三流记者做后援，我可不进去。
4638	电工我不在行，可这些保险丝肯定是配这块面板的。
4675	我也不知道为什么买了个小冰箱。买回来的东西，通常当天就吃光了。
4707	我是认真的。你一加入，咱们缺的人脉就刚好全齐了。不觉得奇怪吗？
4739	我正在琢磨这本书里夹的那张纸。
4765	我查了查“A. Batra”，只找到一个叫“Antevorta”的东西。动手前，咱们该先查清楚。[[-J[[[
4848	如果莫拉莱斯博士藏着个保险库，里面还有更多这种技术……
4858	只要让底部引脚的电平恢复正常，应该就能触发开门机构。
4868	要是我组织犯罪团伙，怎么也得选个更有……格调的总部。
4870	没记错的话，有个开关能控制伸缩走道，应该是对撞机另一头的那个。
4879	每个人都有FTTN，那总得有地方存着这些号码吧。
4904	要不是急着要他帮忙，我非让他去戒毒不可。
4907	只要查出幕后黑手，就得靠雷把真相告诉全世界。
4909	既然得用叔叔的DNA查他的FTTN，那就该由我去取样本。
4924	这都还不够的话，你们就不适合干这活儿。
4957	这保险库里的东西，要是落到坏人手里，就会变成威力惊人的毁灭性武器。
5071	看来埃德在计算装置到底该放在哪儿。
5086	看来他们讨论过，要不要给休息室添台浓缩咖啡机。
5145	这里乱成一团，人手缺得连我都得出去巡逻！
5169	这能让他们的进度拖后好几年。我们就有时间向全世界揭露，十一基金会才是这些袭击的幕后黑手！
5170	这能拖慢他们好几年，足够我们揭露他们的所作所为了。
5224	这是一门高雅的艺术，可惜这里没什么人懂得欣赏。
5231	这是超声波扫描仪，能拿在手里，扫描病人体内的情况。
5364	你手里只要有保险库的资料，都请交给我们。这真的很重要。
5380	所有数字终于对上的时候，那感觉真让人兴奋。我记得那晚到四点才睡。
5395	它是人类有史以来最伟大的文档存储系统，数字与实体兼备，还配有洁净室！
5451	看着重就不干了？这可不是理由。接着来。
5459	尽量拖着他别挂，我得花几分钟定位信号。
5478	随口说说。这帮十一基金会的人，一听就不好惹。
5487	只知道有人拿他的武器杀了他。不该是这样。
5546	左键点击物品栏中的物品，即可使用。[[右键点击物品，即可查看。
5548	左键点击屏幕空白处，即可行走。[[左键点击物体，即可互动。[[右键点击物体，即可查看。
5549	左键点击物体，即可互动。[[右键点击物体，即可查看。
5581	先查清那些共振装置放在哪儿，才能顺着线索追下去。
5594	就算你说的这些都有道理……到底厉害在哪儿？
5602	先进去看一眼，确认需要救护车，我就马上叫。
5616	跟大家一样，今天早上醒来，我面对的已是另一个世界。
5702	像是个装医疗用品的抽屉。可这是服务器机房，怎么会有这个？
5705	型号看着挺低端，恐怕连无线网络都接不了。
5749	搞得我想再看看警察总部，说不定以后就没机会了。
5794	也许那边有人知道，怎么从这玩意儿里调出蓝图。
5849	听起来，莫拉莱斯就是那种一门心思搞研究、别的全顾不上的教授。
5885	埃丁斯先生，方便的话，请跟我回警局，我还想问几个问题。
5891	再想“接入网络”，也得先有台终端才能访问系统。
5930	我的直觉是，再问问线人，多挖点消息。总有人更了解那东西。
5949	问题就在这儿，警探：我是记者，吉米·奥尔森是摄影师。根本不是一回事！
5951	真正的设计我都收在后面，从不让外人看。
5976	不行，用掉一颗子弹都得交代，可这次行动根本没备案。
5979	不归我管，那是另一个部门的事。巫师只认绿票子。
5981	不归我管，那是另一个部门的事。巫师只认绿票子。
6034	没有“但是”，也没有“也许”。底线就在这儿。
6219	不对，不是我这些电子设备发出的声音。
6277	空的。大概得先买点需要冷藏的东西，才用得上它。
6280	没什么好看的。我在正正经经干活呢，再见。
6315	接下来只要拿到蓝图，就能找到过去的路了。
6317	还得多查点资料，弄清保险库在实验室里的确切位置。
6328	谁会给保险丝盒装螺丝啊？摸黑开这玩意儿，想想就够呛。
6374	算了，也不能怪他，谁都得按规矩办事。
6489	这门的钥匙只有少数警官有。不过我现在也用不上窃听器、微型摄像头那些东西。
6510	也可能是这枚硬币让你更有信心，所以觉得自己更走运了。
6588	文书。想到这次行动完了还有一堆文书要填就头疼——前提是我还有工作。
6609	不如看看这款新挂锁？不用钥匙，也不用密码。锁上去，就再也取不下来了。
6642	失陪了，我还有不少重要生意要忙，都是完完全全合法的。
6693	这事大概太私密，不适合跟地铁上刚认识的怪家伙说。
7168	敲门暗号？你们这是小孩子的秘密俱乐部吗？
7225	她看着挺严厉，希望别嫌我在这儿东看西看的。
7300	车被收走了，这算是我手头最像交通工具的东西。
7327	看来今晚的罪名，又能加上一条盗墓了？
7379	你们想拿托托伊斯的保险库资料干什么？
7414	埃德，你是不是更想回家，抱着本方程式大全什么的看个够？
7427	说个完全无关的事，你能帮我调阅档案吗？
7463	希望有一天，能找到一个同样痴迷精美保险箱和机关盒的人。
7507	不赶紧把这案子查个水落石出，以后怕是见不到多少了。
7511	有时候我会把东西藏到床底下。爸爸不喜欢房间乱糟糟的。
7566	备用零件，应有尽有！自己动手需要什么，这里都有。
7567	别把我算进去。谁让我做几何题，我就不站他那边。
7584	机灵点，别让他摸清你的意思，也别给他挂电话的借口。
7599	史蒂夫，[[赛车手？厉害啊！[[很高兴认识你，赛车手史蒂夫。;) 我叫艾米。[[我也是头一回用这种交友网站。以前还笑过别人上网找对象，后来才发现，干我这行的，也只有在网上才抽得出时间谈情说爱。[[终于还是来试了试，没想到就聊上了一个赛车手！[[
7808	超级对撞机尽头那块金属板？它掉下来时，千万别站在下面，比看着沉多了。
7809	对撞机另一边的金属板看着很危险。掉下来时，最好离远点。
7814	那位漂亮的年轻女士，你可真有不少话要“审问”啊。
7993	就在那时候，我脑袋开始有点发麻。
7997	窃听器、GPS追踪器、微型摄像头，还有各种好玩的警用装备，都放在那儿。
8005	厉害的地方不在于发现了这些粒子，而在于能拿它们做什么。
8042	医院里的艺术品倒挺像样。就是有点……医院味儿吧。
8065	当个被通缉的前警察，倒有一个好处：再也不用填表了。
8189	追你那个人没伤到你吧？要不要去检查一下？
8226	出了这么大的事，实验室那扇破窗户倒算修起来便宜的了。
8245	全美国每个人的DNA，不论男女老少，都存在那台主机里。
8274	面板要输入密码，哈维叔叔可能在哪儿记下来了。
8337	风格很有“学生宿舍”味，还混着点“毒窝”气息。
8388	看实验室那个洞的切口，肯定是共振武器干的。
8389	看实验室那个洞的切口，肯定是莫拉莱斯博士研究的新技术造成的。
8401	木头都风化成这样了，不知道这长椅还能撑住我多久。
8439	这儿保险丝真多，看来这块面板管着大楼主层的大部分电路。
8458	实验室走廊有个安防面板，控制那几扇厚重的大门。
8529	这里面装着个已被激活的共振粒子，收到信号就会引爆。
8607	也没什么好讲的。出生，长大，做数学。
8657	就是这些电线起了火，害我们忙了那么久。
8660	方程都解完了，不用再算了。
8665	肯定是埃德的计算。他应该在算装置具体该放在哪儿。
8687	他们应该是把这台对撞机能用的部件拆下来，装进这些箱子，拿去造新机器。
8690	这里被破坏的时候，它们肯定也被震松了。
8725	这公寓除了能用就没别的了，哪像个家。
8726	地铁门那种不太结实的东西，也许能拿这根铁棍撬开……
8785	这是叔叔留给我唯一的念想，得留着。
8792	这就是我们的未来。我们不能让人类失去这份礼物。
8802	那倒霉蛋就躲在这儿，还有那个中国女人。
8847	支撑它的墙都没了，这东西肯定是那时候从天花板上掉下来的。
8851	一切都是从朱诺实验室开始的，对吧？要查，也该先去那儿。
8859	他们让你写的那些文章——你不会真以为，是关心你的事业吧？
8862	蓝图迟早是咱们的。耐心点，小心点就是了。
8871	自动报刊售卖机，到底比不上活生生的报贩。
8872	把磁铁打开，应该就能吸起那些箱子。
8894	把场景中的物体拖入短期记忆（STM）界面，就能记住它，在对话时作为话题。
8895	想记住游戏里的某件物品，就按住它，拖进短期记忆（STM）的空位。
8955	结果却成了篇揭底的报道——没打招呼，也没征得同意，就把那可怜家伙的秘密全抖了出来。
9033	可我还是得有他已经去世的证明。
9070	我通常来这里，是找枪伤受害者或醉驾司机问话。
9072	通常，电脑会自动允许你调阅与手头案件有关的文档。
9105	等等，你确定我们此去不会险象环生？
9228	我们以前拿它测磁波、粒子运动、热能之类的数据。
9277	证物柜里塞满了那种便宜的Cellfish预付费手机，都不知道该怎么处理。
9290	得先拿到朱诺实验室的蓝图，才能查出哈维叔叔的保险库在哪儿。
9524	这是什么？给一家叫“托托伊斯安保”的公司付了一大笔钱？
9550	也不知道出了什么事，反正像是把水管弄爆了。
9612	也就是说，它们是用来控制别的东西的。
9699	一个街区里就有披萨店，还有两家中餐外卖店，哪还用得着自己做饭。
9715	没有钥匙和密码，就只能拿喷灯来开它了。
9798	是，我说过。很快就去。我只是……还得鼓起点勇气。
9827	昨天早上，我跟搭档正在蹲守一个已知的犯罪接头点。
9832	你也知道叔叔有多不把规矩当回事……就算那些规矩是为了保护他。
9902	离这些往下掉的东西远点。尤其是最那头那块金属板，危险。
9957	得刷有权限的医院工作证，才能进太平间。
9971	干警察这行，丑恶的事见了不少，可那次真算最糟的几回之一。
10067	你的蛋蛋——再乱动别人的东西，就得小心了。
10106	[[还有，拜托，绝对别把密码交给任何人！技术支持不会向你索要登录信息！
10169	艾玛，[[突然有件急事，周二能不能跟你换个班？[[你上7:30到5点，我来顶你的夜班，行吗？[[真的很急！！！[[谢谢，[萨斯
915	心意相通
1764	可是爸爸不让把它们放进他的房间。
4800	我跟警方打过几次不太愉快的交道——干调查报道，难免的。
5235	按我的经验，有相应权限的人，就能调阅一般的法律文书。
6344	当然，政府审批和法律方面还有些障碍，暂时推行不了。
6363	奥因克警官——执法的长臂，前提是伸手去拿甜甜圈。
6416	哦，等等，拿走它还真的犯法。
7335	所以你也能想见，人手已经不够用了。
7367	因此，今天上午，经国会两院一致通过，我已签署名为“Antevorta”的新反恐措施，将其正式立法。
8241	执法的长臂。
8794	一份满篇法律术语的文件。
9560	我说要清理这座肮脏的城市，可不是要拿着扫把打扫。
